key	probed_at	state	detail
ashby:1x	2026-08-02T18:58:24.804Z	exists	HTTP 200
ashby:a-place-for-mom	2026-08-02T18:58:24.804Z	exists	HTTP 200
ashby:absorblms	2026-08-02T18:58:24.804Z	exists	HTTP 200
ashby:acd	2026-08-02T18:58:24.804Z	exists	HTTP 200
ashby:aerovect	2026-08-02T18:58:24.804Z	exists	HTTP 200
ashby:aescape	2026-08-02T18:58:24.804Z	exists	HTTP 200
ashby:akur8	2026-08-02T18:58:24.804Z	exists	HTTP 200
ashby:allium	2026-08-02T18:58:24.804Z	exists	HTTP 200
ashby:allocate	2026-08-02T18:58:24.804Z	exists	HTTP 200
ashby:amplify	2026-08-02T18:58:24.804Z	exists	HTTP 200
ashby:amplitude	2026-08-02T18:58:24.804Z	exists	HTTP 200
ashby:anagram	2026-08-02T18:58:24.804Z	exists	HTTP 200
ashby:anara	2026-08-02T18:58:24.804Z	exists	HTTP 200
ashby:anon	2026-08-02T18:58:24.804Z	exists	HTTP 200
ashby:anrok	2026-08-02T18:58:24.804Z	exists	HTTP 200
ashby:arbiter-ai	2026-08-02T18:58:24.804Z	exists	HTTP 200
ashby:architect	2026-08-02T18:58:24.804Z	exists	HTTP 200
ashby:assembledhq	2026-08-02T18:58:24.804Z	exists	HTTP 200
ashby:assured	2026-08-02T18:58:24.804Z	exists	HTTP 200
ashby:astral	2026-08-02T18:58:24.804Z	exists	HTTP 200
ashby:astronomer	2026-08-02T18:58:24.804Z	exists	HTTP 200
ashby:atomicindustries	2026-08-02T18:58:24.804Z	exists	HTTP 200
ashby:atticus	2026-08-02T18:58:24.804Z	exists	HTTP 200
ashby:authzed	2026-08-02T18:58:24.804Z	exists	HTTP 200
ashby:axiom	2026-08-02T18:58:24.804Z	exists	HTTP 200
ashby:backpack	2026-08-02T18:58:24.804Z	exists	HTTP 200
ashby:baseten	2026-08-02T18:58:24.804Z	exists	HTTP 200
ashby:bayesianhealth	2026-08-02T18:58:24.804Z	exists	HTTP 200
ashby:beaconsoftware	2026-08-02T18:58:24.804Z	exists	HTTP 200
ashby:benchling	2026-08-02T18:58:24.804Z	exists	HTTP 200
ashby:benevity	2026-08-02T18:58:24.804Z	exists	HTTP 200
ashby:bestow	2026-08-02T18:58:24.804Z	exists	HTTP 200
ashby:boam	2026-08-02T18:58:24.804Z	exists	HTTP 200
ashby:bubble	2026-08-02T18:58:24.804Z	exists	HTTP 200
ashby:buffer	2026-08-02T18:58:24.804Z	exists	HTTP 200
ashby:buildout	2026-08-02T18:58:24.804Z	exists	HTTP 200
ashby:canals	2026-08-02T18:58:24.804Z	exists	HTTP 200
ashby:cantina	2026-08-02T18:58:24.804Z	exists	HTTP 200
ashby:category-labs	2026-08-02T18:58:24.804Z	exists	HTTP 200
ashby:centari	2026-08-02T18:58:24.804Z	exists	HTTP 200
ashby:centralize	2026-08-02T18:58:24.804Z	exists	HTTP 200
ashby:certifyos	2026-08-02T18:58:24.804Z	exists	HTTP 200
ashby:chainalysis-careers	2026-08-02T18:58:24.804Z	exists	HTTP 200
ashby:chromatic	2026-08-02T18:58:24.804Z	exists	HTTP 200
ashby:classdojo	2026-08-02T18:58:24.804Z	exists	HTTP 200
ashby:clickup	2026-08-02T18:58:24.804Z	exists	HTTP 200
ashby:cloudzero	2026-08-02T18:58:24.804Z	exists	HTTP 200
ashby:code-metal	2026-08-02T18:58:24.804Z	exists	HTTP 200
ashby:cointracker	2026-08-02T18:58:24.804Z	exists	HTTP 200
ashby:comfy-org	2026-08-02T18:58:24.804Z	exists	HTTP 200
ashby:commonroom	2026-08-02T18:58:24.804Z	exists	HTTP 200
ashby:compa	2026-08-02T18:58:24.804Z	exists	HTTP 200
ashby:constructor	2026-08-02T18:58:24.804Z	exists	HTTP 200
ashby:coralai	2026-08-02T18:58:24.804Z	exists	HTTP 200
ashby:cryptio	2026-08-02T18:58:24.804Z	exists	HTTP 200
ashby:cyberhaven	2026-08-02T18:58:24.804Z	exists	HTTP 200
ashby:dandy	2026-08-02T18:58:24.804Z	exists	HTTP 200
ashby:datum	2026-08-02T18:58:24.804Z	exists	HTTP 200
ashby:ddn	2026-08-02T18:58:24.804Z	exists	HTTP 200
ashby:deeter-analytics	2026-08-02T18:58:24.804Z	exists	HTTP 200
ashby:depot	2026-08-02T18:58:24.804Z	exists	HTTP 200
ashby:dispatch	2026-08-02T18:58:24.804Z	exists	HTTP 200
ashby:docker	2026-08-02T18:58:24.804Z	exists	HTTP 200
ashby:doppel	2026-08-02T18:58:24.804Z	exists	HTTP 200
ashby:doublezero	2026-08-02T18:58:24.804Z	exists	HTTP 200
ashby:dualentry	2026-08-02T18:58:24.804Z	exists	HTTP 200
ashby:eigen-labs	2026-08-02T18:58:24.804Z	exists	HTTP 200
ashby:eightsleep	2026-08-02T18:58:24.804Z	exists	HTTP 200
ashby:elicit	2026-08-02T18:58:24.804Z	exists	HTTP 200
ashby:endgame	2026-08-02T18:58:24.804Z	exists	HTTP 200
ashby:facilityos	2026-08-02T18:58:24.804Z	exists	HTTP 200
ashby:feathery	2026-08-02T18:58:24.804Z	exists	HTTP 200
ashby:firstprinciples	2026-08-02T18:58:24.804Z	exists	HTTP 200
ashby:flaglerhealth	2026-08-02T18:58:24.804Z	exists	HTTP 200
ashby:float	2026-08-02T18:58:24.804Z	exists	HTTP 200
ashby:flox	2026-08-02T18:58:24.804Z	exists	HTTP 200
ashby:futurefitai	2026-08-02T18:58:24.804Z	exists	HTTP 200
ashby:glia	2026-08-02T18:58:24.804Z	exists	HTTP 200
ashby:gohenry	2026-08-02T18:58:24.804Z	exists	HTTP 200
ashby:goodship	2026-08-02T18:58:24.804Z	exists	HTTP 200
ashby:gorgias	2026-08-02T18:58:24.804Z	exists	HTTP 200
ashby:gridverify	2026-08-02T18:58:24.804Z	exists	HTTP 200
ashby:gumloop	2026-08-02T18:58:24.804Z	exists	HTTP 200
ashby:harvey	2026-08-02T18:58:24.804Z	exists	HTTP 200
ashby:havocai	2026-08-02T18:58:24.804Z	exists	HTTP 200
ashby:helm-ai	2026-08-02T18:58:24.804Z	exists	HTTP 200
ashby:hercules	2026-08-02T18:58:24.804Z	exists	HTTP 200
ashby:hiive	2026-08-02T18:58:24.804Z	exists	HTTP 200
ashby:hims-and-hers	2026-08-02T18:58:24.804Z	exists	HTTP 200
ashby:hinge-health	2026-08-02T18:58:24.804Z	exists	HTTP 200
ashby:homebase	2026-08-02T18:58:24.804Z	exists	HTTP 200
ashby:hopae	2026-08-02T18:58:24.804Z	exists	HTTP 200
ashby:hopper	2026-08-02T18:58:24.804Z	exists	HTTP 200
ashby:hotspexmedia	2026-08-02T18:58:24.804Z	exists	HTTP 200
ashby:ideogram	2026-08-02T18:58:24.804Z	exists	HTTP 200
ashby:industrious	2026-08-02T18:58:24.804Z	exists	HTTP 200
ashby:inferact	2026-08-02T18:58:24.804Z	exists	HTTP 200
ashby:infinity-constellation	2026-08-02T18:58:24.804Z	exists	HTTP 200
ashby:inngest	2026-08-02T18:58:24.804Z	exists	HTTP 200
ashby:inspiration-commerce-group	2026-08-02T18:58:24.804Z	exists	HTTP 200
ashby:inspiren	2026-08-02T18:58:24.804Z	exists	HTTP 200
ashby:invert	2026-08-02T18:58:24.804Z	exists	HTTP 200
ashby:jane	2026-08-02T18:58:24.804Z	exists	HTTP 200
ashby:jellyfish	2026-08-02T18:58:24.804Z	exists	HTTP 200
ashby:jobber	2026-08-02T18:58:24.804Z	exists	HTTP 200
ashby:jobs-valence	2026-08-02T18:58:24.804Z	exists	HTTP 200
ashby:klue	2026-08-02T18:58:24.804Z	exists	HTTP 200
ashby:knock	2026-08-02T18:58:24.804Z	exists	HTTP 200
ashby:lambda	2026-08-02T18:58:24.804Z	exists	HTTP 200
ashby:lancedb	2026-08-02T18:58:24.804Z	exists	HTTP 200
ashby:langchain	2026-08-02T18:58:24.804Z	exists	HTTP 200
ashby:langfuse	2026-08-02T18:58:24.804Z	exists	HTTP 200
ashby:lightning	2026-08-02T18:58:24.804Z	exists	HTTP 200
ashby:lightspeedhq	2026-08-02T18:58:24.804Z	exists	HTTP 200
ashby:liquid-ai	2026-08-02T18:58:24.804Z	exists	HTTP 200
ashby:litmus	2026-08-02T18:58:24.804Z	exists	HTTP 200
ashby:loot-labs	2026-08-02T18:58:24.804Z	exists	HTTP 200
ashby:luxor	2026-08-02T18:58:24.804Z	exists	HTTP 200
ashby:magical	2026-08-02T18:58:24.804Z	exists	HTTP 200
ashby:maintainx	2026-08-02T18:58:24.804Z	exists	HTTP 200
ashby:masabi	2026-08-02T18:58:24.804Z	exists	HTTP 200
ashby:material	2026-08-02T18:58:24.804Z	exists	HTTP 200
ashby:materialsecurity	2026-08-02T18:58:24.804Z	exists	HTTP 200
ashby:menlosecurity	2026-08-02T18:58:24.804Z	exists	HTTP 200
ashby:meridianlink	2026-08-02T18:58:24.804Z	exists	HTTP 200
ashby:mimica	2026-08-02T18:58:24.804Z	exists	HTTP 200
ashby:miovision	2026-08-02T18:58:24.804Z	exists	HTTP 200
ashby:modernfi	2026-08-02T18:58:24.804Z	exists	HTTP 200
ashby:moderntreasury	2026-08-02T18:58:24.804Z	exists	HTTP 200
ashby:moxie	2026-08-02T18:58:24.804Z	exists	HTTP 200
ashby:mux	2026-08-02T18:58:24.804Z	exists	HTTP 200
ashby:n1	2026-08-02T18:58:24.804Z	exists	HTTP 200
ashby:nabucasa	2026-08-02T18:58:24.804Z	exists	HTTP 200
ashby:nango	2026-08-02T18:58:24.804Z	exists	HTTP 200
ashby:nationgraph	2026-08-02T18:58:24.804Z	exists	HTTP 200
ashby:ncontracts	2026-08-02T18:58:24.804Z	exists	HTTP 200
ashby:neofinancial	2026-08-02T18:58:24.804Z	exists	HTTP 200
ashby:nextpatient	2026-08-02T18:58:24.804Z	exists	HTTP 200
ashby:nomic	2026-08-02T18:58:24.804Z	exists	HTTP 200
ashby:novellia	2026-08-02T18:58:24.804Z	exists	HTTP 200
ashby:npx	2026-08-02T18:58:24.804Z	exists	HTTP 200
ashby:nubank	2026-08-02T18:58:24.804Z	exists	HTTP 200
